{"point_0": [0.3065289258956909, 0.27901917695999146, -0.2864748239517212, 0.9966501593589783], "point_1": [0.3081836402416229, 0.26706910133361816, -0.3049667179584503, 0.9984803795814514], "point_2": [0.3103960454463959, 0.2668691873550415, -0.3050575852394104, 0.9985942244529724], "point_3": [0.31265971064567566, 0.2665307819843292, -0.3051966428756714, 0.9984897375106812], "point_4": [0.3056572675704956, 0.2656141221523285, -0.27077651023864746, 0.9979840517044067], "point_5": [0.30615681409835815, 0.26446062326431274, -0.2708877623081207, 0.9983162879943848], "point_6": [0.3066753149032593, 0.26326972246170044, -0.2709331810474396, 0.9985368251800537], "point_7": [0.3306724429130554, 0.26191815733909607, -0.33222320675849915, 0.9983116388320923], "point_8": [0.3254595696926117, 0.25896769762039185, -0.1814691126346588, 0.9993062019348145], "point_9": [0.32030659914016724, 0.28683528304100037, -0.29250797629356384, 0.9983235001564026], "point_10": [0.31616127490997314, 0.28594422340393066, -0.24837934970855713, 0.9974179267883301], "point_11": [0.3942564129829407, 0.3154543936252594, -0.3858487606048584, 0.9998953342437744], "point_12": [0.3879140317440033, 0.264227032661438, -0.0006341562839224935, 0.9955125451087952], "point_13": [0.45969846844673157, 0.3924635052680969, -0.4139714539051056, 0.9932690262794495], "point_14": [0.43925532698631287, 0.27982959151268005, 0.2663351893424988, 0.04571092501282692], "point_15": [0.43840470910072327, 0.48344242572784424, -0.3444878160953522, 0.9746100306510925], "point_16": [0.41781044006347656, 0.2948593497276306, 0.4860895276069641, 0.051510900259017944], "point_17": [0.43304315209388733, 0.5114304423332214, -0.38135233521461487, 0.9431897401809692], "point_18": [0.4135643541812897, 0.29165977239608765, 0.532719075679779, 0.07278807461261749], "point_19": [0.42241111397743225, 0.5120607018470764, -0.3779290020465851, 0.9428403377532959], "point_20": [0.40790772438049316, 0.2935798466205597, 0.508233368396759, 0.07504605501890182], "point_21": [0.42634761333465576, 0.5010823011398315, -0.34154650568962097, 0.8897641897201538], "point_22": [0.40959426760673523, 0.2969522774219513, 0.48432856798171997, 0.07801532745361328], "point_23": [0.5448899269104004, 0.3595131039619446, -0.1332962065935135, 0.9992260932922363], "point_24": [0.5336066484451294, 0.34649235010147095, 0.1337222456932068, 0.9976862668991089], "point_25": [0.5136002898216248, 0.49948298931121826, -0.22866864502429962, 0.8062206506729126], "point_26": [0.4944865107536316, 0.45710134506225586, 0.1255107820034027, 0.19764967262744904], "point_27": [0.5876697897911072, 0.5782128572463989, 0.04699451103806496, 0.4057959020137787], "point_28": [0.5703861713409424, 0.5394472479820251, 0.33765876293182373, 0.1358010470867157], "point_29": [0.61025071144104, 0.5776019096374512, 0.07801765948534012, 0.41090279817581177], "point_30": [0.5911327004432678, 0.5452309250831604, 0.35733604431152344, 0.21318073570728302], "point_31": [0.559161901473999, 0.6279780864715576, 0.0837215855717659, 0.377351313829422], "point_32": [0.5511775612831116, 0.5857232809066772, 0.34720829129219055, 0.15575595200061798]}