{"point_0": [0.5635846257209778, 0.32182174921035767, -0.8000781536102295, 0.9999469518661499], "point_1": [0.5688926577568054, 0.31486308574676514, -0.8082515001296997, 0.9999591112136841], "point_2": [0.5719764828681946, 0.3154923915863037, -0.8081762790679932, 0.9999583959579468], "point_3": [0.5752003192901611, 0.3161737024784088, -0.8084510564804077, 0.9999740123748779], "point_4": [0.5629154443740845, 0.31176769733428955, -0.7843366861343384, 0.9998378753662109], "point_5": [0.5618467926979065, 0.3103368878364563, -0.7845708131790161, 0.9998224377632141], "point_6": [0.5607389807701111, 0.3088507652282715, -0.7845900654792786, 0.9998869895935059], "point_7": [0.591154932975769, 0.31503725051879883, -0.7498364448547363, 0.9999736547470093], "point_8": [0.5705496072769165, 0.30603715777397156, -0.6429812908172607, 0.9998602867126465], "point_9": [0.5718398690223694, 0.3303321897983551, -0.7702380418777466, 0.9999819993972778], "point_10": [0.5639820098876953, 0.3257831633090973, -0.738619863986969, 0.9999340772628784], "point_11": [0.6392662525177002, 0.3800452947616577, -0.6813053488731384, 0.9999703168869019], "point_12": [0.5654069781303406, 0.30989736318588257, -0.4366617500782013, 0.99994957447052], "point_13": [0.6595646739006042, 0.4511888921260834, -0.7382215857505798, 0.9914925694465637], "point_14": [0.4753446578979492, 0.32103824615478516, -0.36272841691970825, 0.9894101619720459], "point_15": [0.6719748377799988, 0.544330894947052, -0.7943124175071716, 0.9622958302497864], "point_16": [0.40130025148391724, 0.34755849838256836, -0.4214668273925781, 0.9905718564987183], "point_17": [0.6851391792297363, 0.5668186545372009, -0.8602967262268066, 0.8426414728164673], "point_18": [0.3794032633304596, 0.3559124171733856, -0.43850255012512207, 0.973073422908783], "point_19": [0.67753666639328, 0.5722973942756653, -0.8877321481704712, 0.838660717010498], "point_20": [0.379353404045105, 0.3601238429546356, -0.4892464578151703, 0.9751919507980347], "point_21": [0.6722071170806885, 0.5649296045303345, -0.8120742440223694, 0.8361595273017883], "point_22": [0.38913026452064514, 0.35854384303092957, -0.4445466101169586, 0.9753478765487671], "point_23": [0.661466658115387, 0.4356585144996643, -0.0860629603266716, 0.9994969367980957], "point_24": [0.6111764907836914, 0.4059588313102722, 0.08612068742513657, 0.9997333884239197], "point_25": [0.5336177349090576, 0.4594322144985199, -0.30992358922958374, 0.5869935750961304], "point_26": [0.5308982133865356, 0.44977399706840515, -0.08616602420806885, 0.5862573981285095], "point_27": [0.46280673146247864, 0.526178777217865, -0.17557208240032196, 0.7769986391067505], "point_28": [0.4585760831832886, 0.5262519121170044, 0.0161350816488266, 0.5471757650375366], "point_29": [0.45688140392303467, 0.5475447177886963, -0.16907274723052979, 0.7537918090820312], "point_30": [0.45309969782829285, 0.5544353723526001, 0.020751992240548134, 0.5024060606956482], "point_31": [0.4096022844314575, 0.5106242895126343, -0.2920755445957184, 0.8136868476867676], "point_32": [0.4126186668872833, 0.5174199342727661, -0.08279144018888474, 0.6209114193916321]}