{"point_0": [0.6660634279251099, 0.2528952360153198, -0.018681718036532402, 0.9988245368003845], "point_1": [0.6648794412612915, 0.24093230068683624, -0.009493433870375156, 0.9983367919921875], "point_2": [0.6633234620094299, 0.24014924466609955, -0.009554010815918446, 0.9978072047233582], "point_3": [0.6617251038551331, 0.23936046659946442, -0.009628877975046635, 0.9985455274581909], "point_4": [0.6652942299842834, 0.2416502833366394, -0.0433661974966526, 0.9987976551055908], "point_5": [0.6641717553138733, 0.2414921224117279, -0.04340638592839241, 0.9984992742538452], "point_6": [0.6631209254264832, 0.24140006303787231, -0.04353100433945656, 0.9988375306129456], "point_7": [0.6485491991043091, 0.23921360075473785, 0.04332954064011574, 0.9966922998428345], "point_8": [0.6527628302574158, 0.24284881353378296, -0.11111897230148315, 0.99826580286026], "point_9": [0.6576399207115173, 0.26063865423202515, 0.004746261052787304, 0.9979450106620789], "point_10": [0.6572749614715576, 0.26074647903442383, -0.03977547213435173, 0.9981412887573242], "point_11": [0.6150722503662109, 0.29259583353996277, 0.1255176067352295, 0.9955058097839355], "point_12": [0.611182689666748, 0.29258978366851807, -0.17644056677818298, 0.9949491024017334], "point_13": [0.6806857585906982, 0.34968629479408264, 0.14488191902637482, 0.22816786170005798], "point_14": [0.6250311732292175, 0.35044679045677185, -0.22830919921398163, 0.6309298276901245], "point_15": [0.7558173537254333, 0.38100361824035645, 0.04321292042732239, 0.42762842774391174], "point_16": [0.6706925630569458, 0.3785769045352936, -0.1892051100730896, 0.5695212483406067], "point_17": [0.7763795256614685, 0.39450696110725403, 0.03115624003112316, 0.41872653365135193], "point_18": [0.6813546419143677, 0.38927823305130005, -0.210225448012352, 0.5597506761550903], "point_19": [0.7782394886016846, 0.3954685628414154, 0.002579502295702696, 0.44591906666755676], "point_20": [0.6851879954338074, 0.38284727931022644, -0.20425072312355042, 0.5445598363876343], "point_21": [0.7714438438415527, 0.3910451829433441, 0.02545708231627941, 0.44358474016189575], "point_22": [0.6793765425682068, 0.37950599193573, -0.1854870617389679, 0.4618670642375946], "point_23": [0.5531001687049866, 0.4344908893108368, 0.08694061636924744, 0.9857351183891296], "point_24": [0.567990243434906, 0.4427807033061981, -0.08703438192605972, 0.9872670769691467], "point_25": [0.47162437438964844, 0.5105093717575073, 0.11320048570632935, 0.6872310638427734], "point_26": [0.5643145442008972, 0.5614514350891113, -0.07852257043123245, 0.8001201152801514], "point_27": [0.4225196838378906, 0.594143807888031, 0.2051062434911728, 0.7704877257347107], "point_28": [0.5220817923545837, 0.6594562530517578, 0.0047954679466784, 0.9175093173980713], "point_29": [0.4092670977115631, 0.6030681729316711, 0.21021458506584167, 0.8202968835830688], "point_30": [0.5121879577636719, 0.6704455018043518, 0.008988761343061924, 0.884945273399353], "point_31": [0.40517178177833557, 0.5991571545600891, 0.14468783140182495, 0.6010646224021912], "point_32": [0.529935896396637, 0.6887882947921753, -0.07525154948234558, 0.76876300573349]}