{"point_0": [0.41398441791534424, 0.27689725160598755, -0.7531885504722595, 0.9999967813491821], "point_1": [0.41490066051483154, 0.26608482003211975, -0.7597659230232239, 0.9999879598617554], "point_2": [0.4182753562927246, 0.2632034420967102, -0.7596989870071411, 0.9999836683273315], "point_3": [0.4214262366294861, 0.2600860595703125, -0.7598540782928467, 0.9999843835830688], "point_4": [0.40396174788475037, 0.27048972249031067, -0.7604190111160278, 0.9999873638153076], "point_5": [0.40022099018096924, 0.27097004652023315, -0.7605583667755127, 0.9999822378158569], "point_6": [0.3966628611087799, 0.27142059803009033, -0.7604907155036926, 0.9999812841415405], "point_7": [0.42196449637413025, 0.24844318628311157, -0.6514692902565002, 0.999976396560669], "point_8": [0.38722819089889526, 0.2673793137073517, -0.6542432308197021, 0.9999666213989258], "point_9": [0.42097848653793335, 0.27637195587158203, -0.7004193663597107, 0.9999885559082031], "point_10": [0.40965792536735535, 0.2809753715991974, -0.7013078927993774, 0.9999865293502808], "point_11": [0.4601653218269348, 0.23152872920036316, -0.48579874634742737, 0.9999991655349731], "point_12": [0.3575567901134491, 0.2958041727542877, -0.499271959066391, 0.9999914169311523], "point_13": [0.5468047857284546, 0.207199364900589, -0.4654313921928406, 0.9998219609260559], "point_14": [0.2830105721950531, 0.3652719557285309, -0.5137711763381958, 0.9989644289016724], "point_15": [0.6116943359375, 0.2661103904247284, -0.5543636679649353, 0.9989976286888123], "point_16": [0.24067820608615875, 0.44363075494766235, -0.6136717796325684, 0.9966573715209961], "point_17": [0.6332828998565674, 0.28232452273368835, -0.5880435705184937, 0.99335116147995], "point_18": [0.22603760659694672, 0.46715155243873596, -0.6417000889778137, 0.9841948747634888], "point_19": [0.6277357339859009, 0.28848832845687866, -0.6244348287582397, 0.9956112504005432], "point_20": [0.23132458329200745, 0.46961188316345215, -0.6919241547584534, 0.9878058433532715], "point_21": [0.619847297668457, 0.28689050674438477, -0.5728262066841125, 0.9951116442680359], "point_22": [0.23802579939365387, 0.464121550321579, -0.6362987160682678, 0.9860748648643494], "point_23": [0.4726783335208893, 0.3716350495815277, 0.0066483779810369015, 0.9999947547912598], "point_24": [0.4132901430130005, 0.3900609612464905, -0.0067202323116362095, 0.9999599456787109], "point_25": [0.5445899367332458, 0.42952457070350647, -0.052641917020082474, 0.978302001953125], "point_26": [0.4047433137893677, 0.49253910779953003, 0.14373798668384552, 0.9521571397781372], "point_27": [0.5762866735458374, 0.5287517309188843, 0.1966467797756195, 0.9815069437026978], "point_28": [0.39152857661247253, 0.562857449054718, 0.4696219265460968, 0.9561265707015991], "point_29": [0.5719786286354065, 0.5446825623512268, 0.21546049416065216, 0.9492173790931702], "point_30": [0.38964900374412537, 0.5715813636779785, 0.4961478114128113, 0.7662712931632996], "point_31": [0.6169219613075256, 0.5607504844665527, 0.06395701318979263, 0.981801450252533], "point_32": [0.38337552547454834, 0.6077509522438049, 0.3641739785671234, 0.9419142007827759]}